<?xml version="1.0" encoding="UTF-8"?>
<beans xmlns="http://www.springframework.org/schema/beans" xmlns:xsi="http://www.w3.org/2001/XMLSchema-instance"
       xsi:schemaLocation="http://www.springframework.org/schema/beans http://www.springframework.org/schema/beans/spring-beans-2.0.xsd">


    <!-- ===================== WSDL DEFINITION    ============================== -->

    <bean id="airline" class="org.springframework.ws.wsdl.wsdl11.DefaultWsdl11Definition">
        <description>
            Builds a WSDL from the airline.xsd.This bean definition represents the airline.wsdl file found
            in the root of the web application.
        </description>
        <property name="schemaCollection" ref="schemaCollection"/>
        <property name="portTypeName" value="Airline"/>
        <property name="locationUri" value="http://localhost:8080/airline-server/services"/>
        <property name="targetNamespace"
                value="http://www.springframework.org/spring-ws/samples/airline/definitions"/>
    </bean>
    
</beans>