<?xml version="1.0" encoding="UTF-8"?>
<beans xmlns="http://www.springframework.org/schema/beans"
       xmlns:xsi="http://www.w3.org/2001/XMLSchema-instance"
       xmlns:context="http://www.springframework.org/schema/context"
       xmlns:sws="http://www.springframework.org/schema/web-services"
       xsi:schemaLocation="http://www.springframework.org/schema/beans http://www.springframework.org/schema/beans/spring-beans-3.1.xsd
       http://www.springframework.org/schema/context http://www.springframework.org/schema/context/spring-context-3.1.xsd
       http://www.springframework.org/schema/web-services http://www.springframework.org/schema/web-services/web-services-2.0.xsd">

    <sws:annotation-driven />

    <sws:interceptors>
        <bean class="org.springframework.ws.server.endpoint.interceptor.PayloadLoggingInterceptor"/>
        <bean class="org.springframework.ws.soap.server.endpoint.interceptor.PayloadValidatingInterceptor">
            <property name="xsdSchemaCollection" ref="schemaCollection"/>
            <property name="validateRequest" value="true"/>
            <property name="validateResponse" value="true"/>
        </bean>
        <sws:payloadRoot localPart="GetFrequentFlyerMileageRequest" namespaceUri="http://www.springframework.org/spring-ws/samples/airline/schemas/messages">
            <bean class="org.springframework.ws.soap.security.xwss.XwsSecurityInterceptor">
                <property name="secureResponse" value="false"/>
                <property name="policyConfiguration"
                          value="classpath:org/springframework/ws/samples/airline/security/securityPolicy.xml"/>
                <property name="callbackHandler">
                    <bean class="org.springframework.ws.soap.security.xwss.callback.SpringDigestPasswordValidationCallbackHandler">
                        <property name="userDetailsService" ref="securityService"/>
                    </bean>
                </property>
            </bean>
        </sws:payloadRoot>
    </sws:interceptors>

    <context:component-scan base-package="org.springframework.ws.samples.airline.ws"/>

    <bean id="messageFactory" class="org.springframework.ws.soap.saaj.SaajSoapMessageFactory"/>

    <bean id="messageReceiver" class="org.springframework.ws.soap.server.SoapMessageDispatcher"/>

    <bean id="schemaCollection" class="org.springframework.xml.xsd.commons.CommonsXsdSchemaCollection">
        <description>
            This bean wrap the messages.xsd (which imports types.xsd), and inlines them as a one.
        </description>
        <property name="xsds" value="/messages.xsd"/>
        <property name="inline" value="true"/>
    </bean>

</beans>
