<?xml version="1.0" encoding="UTF-8"?>
<beans xmlns="http://www.springframework.org/schema/beans"
       xmlns:xsi="http://www.w3.org/2001/XMLSchema-instance"
       xmlns:context="http://www.springframework.org/schema/context"
       xsi:schemaLocation="http://www.springframework.org/schema/beans http://www.springframework.org/schema/beans/spring-beans-3.1.xsd
       http://www.springframework.org/schema/context http://www.springframework.org/schema/context/spring-context-3.1.xsd">

    <context:component-scan base-package="org.springframework.ws.samples.airline.dao.jpa"/>

    <context:annotation-config/>

    <bean id="entityManagerFactory" class="org.springframework.orm.jpa.LocalContainerEntityManagerFactoryBean">
        <property name="persistenceUnitName" value="airline"/>
        <property name="dataSource" ref="dataSource"/>
        <property name="jpaDialect">
            <bean class="org.springframework.orm.jpa.vendor.OpenJpaDialect"/>
        </property>
        <property name="jpaProperties">
            <props>
                <prop key="openjpa.Log">commons</prop>
                <prop key="openjpa.jdbc.SynchronizeMappings">buildSchema</prop>
                <prop key="openjpa.jdbc.MappingDefaults">
                    FieldStrategies='org.joda.time.DateTime=org.springframework.ws.samples.airline.domain.openjpa.DateTimeValueHandler,
                    org.joda.time.LocalDate=org.springframework.ws.samples.airline.domain.openjpa.LocalDateValueHandler'
                </prop>
                <prop key="openjpa.jdbc.DBDictionary">org.apache.openjpa.jdbc.sql.HSQLDictionary</prop>
            </props>
        </property>
    </bean>

    <bean id="transactionManager" class="org.springframework.orm.jpa.JpaTransactionManager">
        <property name="entityManagerFactory" ref="entityManagerFactory"/>
    </bean>

    <bean id="dataSource" class="org.apache.commons.dbcp.BasicDataSource">
        <property name="driverClassName" value="org.hsqldb.jdbcDriver"/>
        <property name="url" value="jdbc:hsqldb:mem:airline"/>
        <property name="username" value="sa"/>
        <property name="password" value=""/>
    </bean>

</beans>
