<?xml version="1.0" encoding="UTF-8"?>
<beans xmlns="http://www.springframework.org/schema/beans"
	xmlns:xsi="http://www.w3.org/2001/XMLSchema-instance"
	xmlns:int="http://www.springframework.org/schema/integration"
	xsi:schemaLocation="http://www.springframework.org/schema/integration http://www.springframework.org/schema/integration/spring-integration.xsd
		http://www.springframework.org/schema/beans http://www.springframework.org/schema/beans/spring-beans.xsd">

    <int:channel id="findUserEnricherChannel"/>
    <int:channel id="findUserByUsernameEnricherChannel"/>
    <int:channel id="findUserWithMapEnricherChannel"/>

    <int:channel id="findUserServiceChannel"/>
    <int:channel id="findUserByUsernameServiceChannel"/>

    <!-- See also:
        http://static.springsource.org/spring-integration/reference/htmlsingle/#gateway-proxy
        http://www.eaipatterns.com/MessagingGateway.html -->
    <int:gateway id="userGateway" default-request-timeout="5000"
                 default-reply-timeout="5000"
                 service-interface="org.springframework.integration.samples.enricher.service.UserService">
        <int:method name="findUser"                  request-channel="findUserEnricherChannel"/>
        <int:method name="findUserByUsername"        request-channel="findUserByUsernameEnricherChannel"/>
        <int:method name="findUserWithUsernameInMap" request-channel="findUserWithMapEnricherChannel"/>
    </int:gateway>

    <int:enricher id="findUserEnricher"
                  input-channel="findUserEnricherChannel"
                  request-channel="findUserServiceChannel">
        <int:property name="email"    expression="payload.email"/>
        <int:property name="password" expression="payload.password"/>
    </int:enricher>

    <int:enricher id="findUserByUsernameEnricher"
                  input-channel="findUserByUsernameEnricherChannel"
                  request-channel="findUserByUsernameServiceChannel"
                  request-payload-expression="payload.username">
        <int:property name="email"    expression="payload.email"/>
        <int:property name="password" expression="payload.password"/>
    </int:enricher>

    <int:enricher id="findUserWithMapEnricher"
                  input-channel="findUserWithMapEnricherChannel"
                  request-channel="findUserByUsernameServiceChannel"
                  request-payload-expression="payload.username">
        <int:property name="user"    expression="payload"/>
    </int:enricher>

    <int:service-activator id="findUserServiceActivator"
                           ref="systemService" method="findUser"
                           input-channel="findUserServiceChannel"/>

    <int:service-activator id="findUserByUsernameServiceActivator"
                           ref="systemService" method="findUserByUsername"
                           input-channel="findUserByUsernameServiceChannel"/>

    <bean id="systemService"
          class="org.springframework.integration.samples.enricher.service.impl.SystemService"/>

</beans>
